{
  "n": 96,
  "p": 3,
  "df_resid": 93,
  "sigma2_hat": 2.2495068096361077,
  "r2": 0.963301554486598,
  "adj_r2": 0.9625123406045895,
  "a0_intercept": {
    "estimate": -4.554987178538347,
    "std_error": 1.3480619121082205,
    "t_stat": -3.378915417478748,
    "p_value": 0.0010646423010989147
  },
  "a1_X1": {
    "estimate": 1.0239562250745182,
    "std_error": 0.14945068832092445,
    "t_stat": 6.851465433706905,
    "p_value": 7.814019138353644e-10
  },
  "a2_X1_squared": {
    "estimate": 0.0075073562783090604,
    "std_error": 0.003932224951604174,
    "t_stat": 1.9091878950735999,
    "p_value": 0.05932080833147995
  }
}