{
  "n_raw": 100,
  "n_filtered": 96,
  "simple_linear_fit": {
    "n": 96,
    "p": 2,
    "df_resid": 94,
    "sigma2_hat": 2.3128040644694194,
    "r2": 0.9618632128106313,
    "adj_r2": 0.9614575023086167,
    "a0_intercept": {
      "estimate": -6.929359412678472,
      "std_error": 0.5274520159319234,
      "t_stat": -13.137421421046996,
      "p_value": 5.350701028699267e-23
    },
    "a1_X1": {
      "estimate": 1.3047890268659033,
      "std_error": 0.02679734471775444,
      "t_stat": 48.69098190916737,
      "p_value": 1.760589598583316e-68
    }
  },
  "quadratic_fit": {
    "n": 96,
    "p": 3,
    "df_resid": 93,
    "sigma2_hat": 2.2495068096361077,
    "r2": 0.963301554486598,
    "adj_r2": 0.9625123406045895,
    "a0_intercept": {
      "estimate": -4.554987178538347,
      "std_error": 1.3480619121082205,
      "t_stat": -3.378915417478748,
      "p_value": 0.0010646423010989147
    },
    "a1_X1": {
      "estimate": 1.0239562250745182,
      "std_error": 0.14945068832092445,
      "t_stat": 6.851465433706905,
      "p_value": 7.814019138353644e-10
    },
    "a2_X1_squared": {
      "estimate": 0.0075073562783090604,
      "std_error": 0.003932224951604174,
      "t_stat": 1.9091878950735999,
      "p_value": 0.05932080833147995
    }
  },
  "chi_square_normal_gof": {
    "chi2_stat": 0.6135726125143495,
    "df": 3,
    "p_value": 0.8933183256988961,
    "n": 96,
    "n_bins_initial": 8,
    "n_bins_used": 5,
    "expected_min": 11.456744199370402,
    "note": "Approximate chi-square GOF test for N(0, sigma2_hat)."
  }
}