{
  "n": 96,
  "p": 2,
  "df_resid": 94,
  "sigma2_hat": 2.3128040644694194,
  "r2": 0.9618632128106313,
  "adj_r2": 0.9614575023086167,
  "a0_intercept": {
    "estimate": -6.929359412678472,
    "std_error": 0.5274520159319234,
    "t_stat": -13.137421421046996,
    "p_value": 5.350701028699267e-23
  },
  "a1_X1": {
    "estimate": 1.3047890268659033,
    "std_error": 0.02679734471775444,
    "t_stat": 48.69098190916737,
    "p_value": 1.760589598583316e-68
  }
}