,Y_apparent_temperature_C,X1_temperature_2m_C,X2_relative_humidity_2m_pct,X3_surface_pressure_hPa,X4_wind_speed_10m_kmh,X5_cloud_cover_pct
Y_apparent_temperature_C,1.0,0.9807462530189093,0.06995878079016891,-0.13864543504129037,-0.2758636881119169,-0.019006044365412707
X1_temperature_2m_C,0.9807462530189093,1.0,-0.0352597171928896,-0.17376670828587193,-0.14136915163510058,-0.01609149127211277
X2_relative_humidity_2m_pct,0.06995878079016891,-0.0352597171928896,1.0,-0.15584984001575683,-0.053397262981947115,0.5190082086418111
X3_surface_pressure_hPa,-0.13864543504129037,-0.17376670828587193,-0.15584984001575683,1.0,-0.27613632573692376,0.010078555230626863
X4_wind_speed_10m_kmh,-0.2758636881119169,-0.14136915163510058,-0.053397262981947115,-0.27613632573692376,1.0,0.08995768589636849
X5_cloud_cover_pct,-0.019006044365412707,-0.01609149127211277,0.5190082086418111,0.010078555230626863,0.08995768589636849,1.0
