{
  "final_variables": [
    "X1_temperature_2m_C",
    "X2_relative_humidity_2m_pct",
    "X3_surface_pressure_hPa",
    "X4_wind_speed_10m_kmh",
    "X5_cloud_cover_pct"
  ],
  "model": "Y = a0 + sum(ai*Xi) + eps",
  "fit": {
    "n": 96,
    "p": 6,
    "df_resid": 90,
    "sigma2_hat": 0.4379307378057981,
    "r2": 0.9930860641421779,
    "adj_r2": 0.9927019565945211,
    "a0_intercept": {
      "estimate": -28.571114987926876,
      "std_error": 12.070688690912176,
      "t_stat": -2.366983004825367,
      "p_value": 0.020077075230304896
    },
    "X1_temperature_2m_C": {
      "estimate": 1.290988080859467,
      "std_error": 0.012154030766281406,
      "t_stat": 106.2189248723164,
      "p_value": 2.253015771098001e-96
    },
    "X2_relative_humidity_2m_pct": {
      "estimate": 0.05479369524998767,
      "std_error": 0.004421337726199736,
      "t_stat": 12.393012848870153,
      "p_value": 3.6520327323585376e-21
    },
    "X3_surface_pressure_hPa": {
      "estimate": 0.021769086874265486,
      "std_error": 0.011862995452414834,
      "t_stat": 1.8350413233812852,
      "p_value": 0.06980282544221088
    },
    "X4_wind_speed_10m_kmh": {
      "estimate": -0.15368541851170292,
      "std_error": 0.012095368253210571,
      "t_stat": -12.706138026918607,
      "p_value": 8.672251028343332e-22
    },
    "X5_cloud_cover_pct": {
      "estimate": -0.011112179069116213,
      "std_error": 0.0019025219750738866,
      "t_stat": -5.840762532419452,
      "p_value": 8.152102260896687e-08
    }
  },
  "correlation_matrix_final_variables": {
    "Y_apparent_temperature_C": {
      "Y_apparent_temperature_C": 1.0,
      "X1_temperature_2m_C": 0.9807462530189093,
      "X2_relative_humidity_2m_pct": 0.06995878079016891,
      "X3_surface_pressure_hPa": -0.13864543504129037,
      "X4_wind_speed_10m_kmh": -0.2758636881119169,
      "X5_cloud_cover_pct": -0.019006044365412707
    },
    "X1_temperature_2m_C": {
      "Y_apparent_temperature_C": 0.9807462530189093,
      "X1_temperature_2m_C": 1.0,
      "X2_relative_humidity_2m_pct": -0.0352597171928896,
      "X3_surface_pressure_hPa": -0.17376670828587193,
      "X4_wind_speed_10m_kmh": -0.14136915163510058,
      "X5_cloud_cover_pct": -0.01609149127211277
    },
    "X2_relative_humidity_2m_pct": {
      "Y_apparent_temperature_C": 0.06995878079016891,
      "X1_temperature_2m_C": -0.0352597171928896,
      "X2_relative_humidity_2m_pct": 1.0,
      "X3_surface_pressure_hPa": -0.15584984001575683,
      "X4_wind_speed_10m_kmh": -0.053397262981947115,
      "X5_cloud_cover_pct": 0.5190082086418111
    },
    "X3_surface_pressure_hPa": {
      "Y_apparent_temperature_C": -0.13864543504129037,
      "X1_temperature_2m_C": -0.17376670828587193,
      "X2_relative_humidity_2m_pct": -0.15584984001575683,
      "X3_surface_pressure_hPa": 1.0,
      "X4_wind_speed_10m_kmh": -0.27613632573692376,
      "X5_cloud_cover_pct": 0.010078555230626863
    },
    "X4_wind_speed_10m_kmh": {
      "Y_apparent_temperature_C": -0.2758636881119169,
      "X1_temperature_2m_C": -0.14136915163510058,
      "X2_relative_humidity_2m_pct": -0.053397262981947115,
      "X3_surface_pressure_hPa": -0.27613632573692376,
      "X4_wind_speed_10m_kmh": 1.0,
      "X5_cloud_cover_pct": 0.08995768589636849
    },
    "X5_cloud_cover_pct": {
      "Y_apparent_temperature_C": -0.019006044365412707,
      "X1_temperature_2m_C": -0.01609149127211277,
      "X2_relative_humidity_2m_pct": 0.5190082086418111,
      "X3_surface_pressure_hPa": 0.010078555230626863,
      "X4_wind_speed_10m_kmh": 0.08995768589636849,
      "X5_cloud_cover_pct": 1.0
    }
  }
}